BATCH,ACCURACY,VAL_ACCURACY,LOSS,VAL_LOSS,ROC,PR,VAL_ROC,VAL_PR,PRECISION,RECALL,VAL_PRECISION,VAL_RECALL,LR
64,0.0014876980567350984,0.09848647564649582,0.0007947065168991685,0.0010099314386025071,0.031111616641283035,0.3098996877670288,0.09335552901029587,0.3190514147281647,0.031063193455338478,0.031063193455338478,0.09655172377824783,0.09655172377824783,9.999999747378752e-05
64,0.0014876980567350984,0.09848647564649582,0.0007602155092172325,0.0009846327593550086,0.028887463733553886,0.30959552526474,0.09495362639427185,0.3195529580116272,0.031063193455338478,0.031063193455338478,0.09655172377824783,0.09655172377824783,9.999999747378752e-05
64,0.0014876980567350984,0.09848647564649582,0.0007381202885881066,0.0009607981191948056,0.02955721691250801,0.30966824293136597,0.09548632055521011,0.3197449743747711,0.031063193455338478,0.031063193455338478,0.09655172377824783,0.09655172377824783,9.999999747378752e-05
64,0.0014876980567350984,0.09848647564649582,0.0007240179111249745,0.0009561299229972064,0.030986152589321136,0.3098996579647064,0.09495362639427185,0.319553017616272,0.031063193455338478,0.031063193455338478,0.09655172377824783,0.09655172377824783,1.9999999494757503e-05
64,0.0014876980567350984,0.09848647564649582,0.0007205198635347188,0.0009514988050796092,0.03104385919868946,0.3099077641963959,0.09548632055521011,0.3197449743747711,0.031063193455338478,0.031063193455338478,0.09655172377824783,0.09655172377824783,1.9999999494757503e-05
